{
  "name": "inventory-plus",
  "title": "Inventory+",
  "description": "Enhances the default dnd5e sheets inventory to allow for reorganization",
  "version": "0.5.8",
  "authors": [
    { "name": "Felix#6196" },
    {
      "name": "p4535992",
      "url": "https://github.com/p4535992",
      "discord": "",
      "twitter": "",
      "patreon": "",
      "github": "p4535992",
      "ko-fi": "",
      "reddit": "",
      "email": ""
    }
  ],
  "type": "module",
  "socket": false,
  "includes": [
    "./assets/**",
    "./lang/**",
    "./scripts/**",
    "./styles/**",
    "./templates/**",
    "./module.json",
    "./README.md",
    "./icons/**",
    "./packs/**"
  ],
  "media": [
    {
      "type": "icon",
      "location": ""
    },
    {
      "type": "cover",
      "location": ""
    },
    {
      "type": "screenshot",
      "location": ""
    }
  ],
  "languages": [
    {
      "lang": "en",
      "name": "English",
      "path": "./lang/en.json"
    },
    {
      "lang": "pt-BR",
      "name": "Português (Brasil)",
      "path": "./lang/pt-BR.json"
    },
    {
      "lang": "it",
      "name": "Italian",
      "path": "./lang/it.json"
    }
  ],
  "systems": ["dnd5e"],
  "scripts": ["module/lib/jquery.sumoselect.min.js"],
  "esmodules": ["./main.js"],
  "styles": ["styles/inventory-plus.css", "styles/sumoselect.css"],
  "packs": [],
  "minimumCoreVersion": "9",
  "compatibleCoreVersion": "9",
  "manifestPlusVersion": "1.2.0",
  "url": "https://github.com/p4535992/inventory-plus",
  "manifest": "https://github.com/p4535992/inventory-plus/releases/latest/download/module.json",
  "download": "https://github.com/p4535992/inventory-plus/releases/latest/download/module.zip",
  "readme": "https://github.com/p4535992/inventory-plus/blob/v0.5.8/README.md",
  "changelog": "https://github.com/p4535992/inventory-plus/blob/v0.5.8/CHANGELOG.md",
  "bugs": "https://github.com/p4535992/inventory-plus/issues",
  "allowBugReporter": true,
  "dependencies": [
    {
      "name": "lib-wrapper"
    }
  ],
  "flags": {
    "manifestPlusVersion": "1.2.0",
    "allowBugReporter": true,
    "conflicts": [
      {
        "name": "transfer-stuff",
        "description": "Redundancy of features you can disable 'Transfer stuff' module if you want, but there is no conflict"
      },
      {
        "name": "encumbrance-calculator-5e",
        "description": "Redundancy of features you can disable 'Encumbrance calculator 5e' module if you want, but there is no conflict"
      },
      {
        "name": "illandril-inventory-sorter",
        "description": "Redundancy of features you can disable 'Illandril's Inventory Sorter (5e)' module if you want, but there is no conflict"
      }
    ]
  }
}
